Interval,ACC_Mean,ACC_Std,ACC,F1_Mean,F1_Std,F1,AUC_Mean,AUC_Std,AUC,SENS_Mean,SENS_Std,SENS,SPEC_Mean,SPEC_Std,SPEC
Interval -2,0.38888888888888884,0.07856742013183862,0.389 ± 0.079,0.0,0.0,0.000 ± 0.000,0.0,0.0,0.000 ± 0.000,0.0,0.0,0.000 ± 0.000,0.6666666666666666,0.23570226039551584,0.667 ± 0.236
Interval -1,0.5,0.0,0.500 ± 0.000,0.4,0.3265986323710904,0.400 ± 0.327,0.0,0.0,0.000 ± 0.000,0.6,0.48989794855663565,0.600 ± 0.490,0.4,0.48989794855663565,0.400 ± 0.490
