ACC,F1,AUC,SENS,SPEC,TP,TN,FP,FN,Interval,Fold,Eval_Level,Train_Rows,Test_Rows,Train_Speakers,Test_Speakers
0.3333333333333333,0.0,0.0,0.0,0.5,0.0,1.0,1.0,1.0,Interval -2,1,speaker,2170,908,5,3
0.3333333333333333,0.0,0.0,0.0,0.5,0.0,1.0,1.0,1.0,Interval -2,2,speaker,2896,182,5,3
0.5,0.0,0.0,0.0,1.0,0.0,1.0,0.0,1.0,Interval -2,3,speaker,1090,1988,6,2
0.5,0.6666666666666666,0.0,1.0,0.0,1.0,0.0,1.0,0.0,Interval -1,1,speaker,2459,1010,8,2
0.5,0.6666666666666666,0.0,1.0,0.0,1.0,0.0,1.0,0.0,Interval -1,2,speaker,3308,161,8,2
0.5,0.6666666666666666,0.0,1.0,0.0,1.0,0.0,1.0,0.0,Interval -1,3,speaker,2415,1054,8,2
0.5,0.0,0.0,0.0,1.0,0.0,1.0,0.0,1.0,Interval -1,4,speaker,2695,774,8,2
0.5,0.0,0.0,0.0,1.0,0.0,1.0,0.0,1.0,Interval -1,5,speaker,2999,470,8,2
