Interval,ACC_Mean,ACC_Std,ACC,F1_Mean,F1_Std,F1,AUC_Mean,AUC_Std,AUC,SENS_Mean,SENS_Std,SENS,SPEC_Mean,SPEC_Std,SPEC
Interval -2,0.45619047619047615,0.08015857300000309,0.456 ± 0.080,0.3789194139194139,0.1429577038754633,0.379 ± 0.143,0.44311224489795914,0.08420531570910059,0.443 ± 0.084,0.37619047619047624,0.1883211422217637,0.376 ± 0.188,0.5214285714285715,0.08849651209545621,0.521 ± 0.088
Interval -1,0.46952380952380957,0.08611546327967477,0.470 ± 0.086,0.3342657342657343,0.18891380959754958,0.334 ± 0.189,0.519982993197279,0.14024993721461618,0.520 ± 0.140,0.3142857142857143,0.18952141659173713,0.314 ± 0.190,0.5964285714285714,0.1444553458296906,0.596 ± 0.144
