accuracy,auc,test_size,fold
0.5,0.6484375,16.0,1
0.5,0.671875,16.0,2
0.5,0.625,16.0,3
0.5,0.5625,16.0,4
0.4666666666666667,0.6875,15.0,5
